{"line_segments": [[108.55093383789062, 68.3668212890625, 66.69390869140625, 116.30845642089844], [68.2009048461914, 114.22598266601562, 103.77811431884766, 143.07717895507812], [105.17645263671875, 114.63846588134766, 136.50425720214844, 138.9029541015625], [173.85061645507812, 96.35528564453125, 135.338134765625, 140.6966552734375], [124.82957458496094, 70.31141662597656, 174.0023193359375, 111.3280029296875]], "contour_points": [[116, 62], [115, 63], [114, 63], [113, 64], [112, 64], [112, 65], [111, 66], [111, 67], [110, 68], [109, 68], [109, 69], [108, 70], [107, 71], [106, 72], [106, 73], [105, 74], [104, 75], [103, 76], [102, 77], [101, 78], [100, 79], [100, 80], [99, 81], [98, 82], [97, 83], [97, 84], [96, 85], [95, 85], [95, 86], [94, 87], [93, 88], [92, 89], [91, 90], [90, 91], [89, 92], [88, 92], [87, 93], [87, 94], [86, 95], [85, 95], [84, 95], [84, 96], [83, 97], [82, 98], [81, 99], [80, 100], [80, 101], [79, 102], [78, 102], [78, 103], [77, 104], [76, 105], [75, 106], [75, 107], [74, 108], [73, 109], [72, 110], [71, 111], [71, 112], [71, 113], [71, 114], [72, 115], [73, 116], [74, 117], [74, 118], [75, 119], [76, 120], [77, 121], [78, 122], [79, 123], [80, 123], [81, 124], [81, 125], [81, 126], [82, 127], [82, 128], [83, 128], [84, 129], [84, 130], [85, 130], [86, 131], [87, 132], [88, 133], [89, 133], [90, 134], [90, 135], [91, 135], [92, 136], [93, 136], [94, 136], [95, 136], [96, 137], [97, 138], [98, 138], [99, 138], [100, 138], [101, 138], [101, 137], [101, 136], [102, 135], [103, 134], [104, 133], [104, 132], [104, 131], [105, 130], [105, 129], [105, 128], [106, 127], [106, 126], [106, 125], [107, 124], [107, 123], [108, 122], [109, 121], [110, 121], [111, 121], [112, 121], [113, 121], [114, 122], [115, 123], [116, 124], [117, 124], [118, 124], [119, 125], [120, 125], [121, 126], [122, 127], [123, 128], [124, 129], [125, 130], [126, 131], [127, 131], [128, 132], [129, 133], [130, 134], [131, 135], [132, 136], [133, 136], [134, 137], [135, 138], [136, 137], [137, 137], [137, 136], [138, 135], [139, 134], [140, 133], [141, 132], [142, 131], [143, 130], [144, 129], [144, 128], [145, 127], [146, 126], [147, 125], [148, 124], [148, 123], [149, 122], [150, 121], [151, 120], [152, 119], [153, 118], [153, 117], [154, 116], [155, 116], [155, 115], [156, 114], [157, 113], [158, 112], [159, 111], [159, 110], [160, 109], [161, 108], [162, 107], [162, 106], [162, 105], [163, 104], [163, 103], [164, 102], [163, 101], [162, 101], [161, 100], [160, 99], [159, 98], [158, 98], [157, 97], [157, 96], [156, 96], [155, 95], [154, 94], [153, 93], [152, 92], [151, 92], [150, 91], [150, 90], [149, 90], [148, 89], [147, 88], [146, 87], [145, 87], [144, 86], [144, 85], [143, 85], [142, 84], [141, 83], [140, 82], [139, 81], [138, 81], [137, 80], [136, 79], [135, 78], [134, 77], [133, 76], [132, 76], [131, 75], [131, 74], [130, 74], [129, 73], [128, 72], [127, 71], [126, 71], [125, 70], [124, 69], [123, 68], [122, 67], [121, 66], [120, 65], [119, 65], [118, 64], [118, 63], [117, 63]]}